{"cameraMode":{"drawMode":0,"name":"Shaded","section":"Shading Mode"},"sceneLighting":true,"audioPlay":false,"sceneViewState":{"m_AlwaysRefresh":false,"showFog":true,"showSkybox":true,"showFlares":true,"showImageEffects":true,"showParticleSystems":true,"showVisualEffectGraphs":true,"m_FxEnabled":true},"in2DMode":false,"pivot":{"x":-114.44944763183594,"y":-0.603729248046875,"z":93.51158142089844},"rotation":{"x":-0.15018565952777863,"y":-0.31798312067985537,"z":0.05109000578522682,"w":-0.9347357749938965},"size":145.66531372070313,"orthographic":false}