{"cameraMode":{"drawMode":0,"name":"Shaded","section":"Shading Mode"},"sceneLighting":true,"audioPlay":false,"sceneViewState":{"m_AlwaysRefresh":false,"showFog":true,"showSkybox":true,"showFlares":true,"showImageEffects":true,"showParticleSystems":true,"showVisualEffectGraphs":true,"m_FxEnabled":true},"in2DMode":false,"pivot":{"x":57.10344696044922,"y":13.855727195739746,"z":28.19085693359375},"rotation":{"x":-0.07313770055770874,"y":0.1277150809764862,"z":-0.009444944560527802,"w":-0.9890909194946289},"size":37.062156677246097,"orthographic":false}